Project,Issue_id,Comment id,Jira URL,Label,Theme (Code),Theme (Coder 2),Theme (Coder 3)
HADOOP,HADOOP-11588,15416642,https://issues.apache.org/jira/browse/HADOOP-11588,1,Non-reproducible,Unknown,Non-reproducible
HADOOP,HADOOP-12613,15039605,https://issues.apache.org/jira/browse/HADOOP-12613,1,Non-reproducible,Non-reproducible,Non-reproducible
HADOOP,HADOOP-13362,15371212,https://issues.apache.org/jira/browse/HADOOP-13362,1,Non-reproducible,Non-reproducible,Non-reproducible
HADOOP,HADOOP-13929,15808746,https://issues.apache.org/jira/browse/HADOOP-13929,1,Non-reproducible,Non-reproducible,Non-reproducible
HADOOP,HADOOP-16049,16747580,https://issues.apache.org/jira/browse/HADOOP-16049,1,Non-reproducible,Non-reproducible,Concurrent Commits
HADOOP,HADOOP-5252,12673568,https://issues.apache.org/jira/browse/HADOOP-5252,1,Non-reproducible,Non-reproducible,Non-reproducible
HADOOP,HADOOP-5589,12701442,https://issues.apache.org/jira/browse/HADOOP-5589,1,Non-reproducible,Non-reproducible,Non-reproducible
HADOOP,HADOOP-8566,13407745,https://issues.apache.org/jira/browse/HADOOP-8566,1,Non-reproducible,Non-reproducible,Non-reproducible
HBASE,HBASE-15400,15231181,https://issues.apache.org/jira/browse/HBASE-15400,1,Non-reproducible,Non-reproducible,Non-reproducible
HBASE,HBASE-16352,15407116,https://issues.apache.org/jira/browse/HBASE-16352,1,Non-reproducible,Non-reproducible,Configuration-related Issues
HBASE,HBASE-18996,16202848,https://issues.apache.org/jira/browse/HBASE-18996,1,Non-reproducible,Non-reproducible,Unrelated Tests
HBASE,HBASE-19900,16354200,https://issues.apache.org/jira/browse/HBASE-19900,1,Non-reproducible,Non-reproducible,Non-reproducible
HBASE,HBASE-20855,16548349,https://issues.apache.org/jira/browse/HBASE-20855,1,Non-reproducible,Configuration-related Issues,Non-reproducible
HBASE,HBASE-21104,16598272,https://issues.apache.org/jira/browse/HBASE-21104,1,Non-reproducible,Non-reproducible,Non-reproducible
HBASE,HBASE-21266,16645591,https://issues.apache.org/jira/browse/HBASE-21266,1,Non-reproducible,Non-reproducible,Unrelated Tests
HBASE,HBASE-21505,16773258,https://issues.apache.org/jira/browse/HBASE-21505,1,Non-reproducible,Non-reproducible,Non-reproducible
HBASE,HBASE-358,12517846,https://issues.apache.org/jira/browse/HBASE-358,1,Non-reproducible,Concurrent Commits,Non-reproducible
HBASE,HBASE-4798,13153766,https://issues.apache.org/jira/browse/HBASE-4798,1,Non-reproducible,Non-reproducible,Non-reproducible
HBASE,HBASE-5399,13221995,https://issues.apache.org/jira/browse/HBASE-5399,1,Non-reproducible,Non-reproducible,Non-reproducible
HBASE,HBASE-7571,13560327,https://issues.apache.org/jira/browse/HBASE-7571,1,Non-reproducible,Non-reproducible,Non-reproducible
HBASE,HBASE-8539,13657279,https://issues.apache.org/jira/browse/HBASE-8539,1,Non-reproducible,Non-reproducible,External Interference
HBASE,HBASE-9393,15115551,https://issues.apache.org/jira/browse/HBASE-9393,1,Non-reproducible,Non-reproducible,Non-reproducible
HBASE,HBASE-9612,13785505,https://issues.apache.org/jira/browse/HBASE-9612,1,Non-reproducible,Non-reproducible,External Interference
HDDS,HDDS-575,16639472,https://issues.apache.org/jira/browse/HDDS-575,1,Non-reproducible,Non-reproducible,Concurrent Commits
HDFS,HDFS-10720,15408197,https://issues.apache.org/jira/browse/HDFS-10720,1,Non-reproducible,Non-reproducible,Non-reproducible
HDFS,HDFS-11274,15784282,https://issues.apache.org/jira/browse/HDFS-11274,1,Non-reproducible,Environment Impact,Unrelated Tests
HDFS,HDFS-11754,16220218,https://issues.apache.org/jira/browse/HDFS-11754,1,Non-reproducible,Non-reproducible,Non-reproducible
HDFS,HDFS-12069,16088666,https://issues.apache.org/jira/browse/HDFS-12069,1,Non-reproducible,Non-reproducible,Non-reproducible
HDFS,HDFS-12323,16156219,https://issues.apache.org/jira/browse/HDFS-12323,1,Non-reproducible,Non-reproducible,Non-reproducible
HDFS,HDFS-12582,16194052,https://issues.apache.org/jira/browse/HDFS-12582,1,Non-reproducible,Non-reproducible,Non-reproducible
HDFS,HDFS-12582,16194176,https://issues.apache.org/jira/browse/HDFS-12582,1,Non-reproducible,Non-reproducible,Non-reproducible
HDFS,HDFS-12881,16291568,https://issues.apache.org/jira/browse/HDFS-12881,1,Non-reproducible,Unrelated Tests,Non-reproducible
HDFS,HDFS-1357,12905741,https://issues.apache.org/jira/browse/HDFS-1357,1,Non-reproducible,External Interference,Non-reproducible
HDFS,HDFS-2034,13062024,https://issues.apache.org/jira/browse/HDFS-2034,1,Non-reproducible,Non-reproducible,Non-reproducible
HDFS,HDFS-3442,13285384,https://issues.apache.org/jira/browse/HDFS-3442,1,Non-reproducible,Non-reproducible,Non-reproducible
HDFS,HDFS-5040,16110801,https://issues.apache.org/jira/browse/HDFS-5040,1,Non-reproducible,Non-reproducible,Non-reproducible
HDFS,HDFS-6666,14493078,https://issues.apache.org/jira/browse/HDFS-6666,1,Non-reproducible,Non-reproducible,Non-reproducible
HDFS,HDFS-6966,14127583,https://issues.apache.org/jira/browse/HDFS-6966,1,Non-reproducible,Non-reproducible,Environment Impact
HDFS,HDFS-8205,14512111,https://issues.apache.org/jira/browse/HDFS-8205,1,Non-reproducible,Non-reproducible,Unknown
HDFS,HDFS-8823,14700639,https://issues.apache.org/jira/browse/HDFS-8823,1,Non-reproducible,Non-reproducible,Environment Impact
HDFS,HDFS-9033,14734442,https://issues.apache.org/jira/browse/HDFS-9033,1,Non-reproducible,Non-reproducible,Non-reproducible
HDFS,HDFS-9244,15133506,https://issues.apache.org/jira/browse/HDFS-9244,1,Non-reproducible,Non-reproducible,Non-reproducible
HDFS,HDFS-9244,15135366,https://issues.apache.org/jira/browse/HDFS-9244,1,Non-reproducible,Non-reproducible,Non-reproducible
HDFS,HDFS-9249,14959715,https://issues.apache.org/jira/browse/HDFS-9249,1,Non-reproducible,Concurrent Commits,Unrelated Tests
HDFS,HDFS-9391,15762786,https://issues.apache.org/jira/browse/HDFS-9391,1,Non-reproducible,Non-reproducible,Non-reproducible
HIVE,HIVE-10007,14370677,https://issues.apache.org/jira/browse/HIVE-10007,1,Non-reproducible,Non-reproducible,Non-reproducible
HIVE,HIVE-11671,14727182,https://issues.apache.org/jira/browse/HIVE-11671,1,Non-reproducible,Non-reproducible,Non-reproducible
HIVE,HIVE-14439,15410470,https://issues.apache.org/jira/browse/HIVE-14439,1,Non-reproducible,Non-reproducible,Non-reproducible
HIVE,HIVE-15796,15873447,https://issues.apache.org/jira/browse/HIVE-15796,1,Non-reproducible,Unrelated Tests,Non-reproducible
HIVE,HIVE-16803,16033484,https://issues.apache.org/jira/browse/HIVE-16803,1,Non-reproducible,Non-reproducible,Non-reproducible
HIVE,HIVE-19076,16428887,https://issues.apache.org/jira/browse/HIVE-19076,1,Non-reproducible,Non-reproducible,Non-reproducible
HIVE,HIVE-7811,14120733,https://issues.apache.org/jira/browse/HIVE-7811,1,Non-reproducible,Non-reproducible,Non-reproducible
YARN,YARN-1879,14161551,https://issues.apache.org/jira/browse/YARN-1879,1,Non-reproducible,Non-reproducible,Non-reproducible
YARN,YARN-3893,14712974,https://issues.apache.org/jira/browse/YARN-3893,1,Non-reproducible,Environment Impact,Non-reproducible
YARN,YARN-4105,14726782,https://issues.apache.org/jira/browse/YARN-4105,1,Non-reproducible,Non-reproducible,Unknown
YARN,YARN-4738,15284018,https://issues.apache.org/jira/browse/YARN-4738,1,Non-reproducible,Non-reproducible,Non-reproducible
YARN,YARN-5353,15371680,https://issues.apache.org/jira/browse/YARN-5353,1,Non-reproducible,Non-reproducible,Non-reproducible
YARN,YARN-5543,15429879,https://issues.apache.org/jira/browse/YARN-5543,1,Non-reproducible,Non-reproducible,Non-reproducible
YARN,YARN-7595,16282511,https://issues.apache.org/jira/browse/YARN-7595,1,Non-reproducible,Non-reproducible,Non-reproducible
YARN,YARN-7999,16388199,https://issues.apache.org/jira/browse/YARN-7999,1,Non-reproducible,External Interference,Non-reproducible
YARN,YARN-8372,16497295,https://issues.apache.org/jira/browse/YARN-8372,1,Non-reproducible,Unrelated Tests,Non-reproducible
YARN,YARN-9317,16773398,https://issues.apache.org/jira/browse/YARN-9317,1,Non-reproducible,Unknown,Non-reproducible
YARN,YARN-9413,16812086,https://issues.apache.org/jira/browse/YARN-9413,1,Non-reproducible,Non-reproducible,Unrelated Tests
AMBARI,AMBARI-15099,15153320,https://issues.apache.org/jira/browse/AMBARI-15099,1,Unknown,Unknown,Unknown
AMBARI,AMBARI-19251,15812216,https://issues.apache.org/jira/browse/AMBARI-19251,1,Unknown,Environment Impact,Unknown
AMBARI,AMBARI-8048,14190662,https://issues.apache.org/jira/browse/AMBARI-8048,1,Unknown,Unknown,Unknown
HADOOP,HADOOP-11032,14254709,https://issues.apache.org/jira/browse/HADOOP-11032,1,Unknown,Unknown,Unknown
HADOOP,HADOOP-12095,14588682,https://issues.apache.org/jira/browse/HADOOP-12095,1,Unknown,Unknown,Unknown
HADOOP,HADOOP-13466,15408342,https://issues.apache.org/jira/browse/HADOOP-13466,1,Unknown,Unknown,Environment Impact
HADOOP,HADOOP-13974,16288621,https://issues.apache.org/jira/browse/HADOOP-13974,1,Unknown,Unknown,Unknown
HADOOP,HADOOP-14180,16022240,https://issues.apache.org/jira/browse/HADOOP-14180,1,Unknown,External Interference,Unknown
HADOOP,HADOOP-14398,16131538,https://issues.apache.org/jira/browse/HADOOP-14398,1,Unknown,Unknown,Unknown
HADOOP,HADOOP-14503,16042156,https://issues.apache.org/jira/browse/HADOOP-14503,1,Unknown,Unknown,Unknown
HADOOP,HADOOP-16041,16752877,https://issues.apache.org/jira/browse/HADOOP-16041,1,Unknown,Unknown,Unknown
HADOOP,HADOOP-4804,12673815,https://issues.apache.org/jira/browse/HADOOP-4804,1,Unknown,Unknown,External Interference
HADOOP,HADOOP-5042,12675632,https://issues.apache.org/jira/browse/HADOOP-5042,1,Unknown,Unknown,Unknown
HADOOP,HADOOP-5815,12709306,https://issues.apache.org/jira/browse/HADOOP-5815,1,Unknown,Unknown,Unknown
HADOOP,HADOOP-7713,14133258,https://issues.apache.org/jira/browse/HADOOP-7713,1,Unknown,Unknown,Unknown
HBASE,HBASE-11092,13992477,https://issues.apache.org/jira/browse/HBASE-11092,1,Unknown,Unknown,Unknown
HBASE,HBASE-11866,14116665,https://issues.apache.org/jira/browse/HBASE-11866,1,Unknown,Unknown,Unknown
HBASE,HBASE-12751,14740426,https://issues.apache.org/jira/browse/HBASE-12751,1,Unknown,Unknown,Unknown
HBASE,HBASE-12925,14292921,https://issues.apache.org/jira/browse/HBASE-12925,1,Unknown,Unknown,Unknown
HBASE,HBASE-16091,15358719,https://issues.apache.org/jira/browse/HBASE-16091,1,Unknown,Unknown,Non-reproducible
HBASE,HBASE-16379,15415746,https://issues.apache.org/jira/browse/HBASE-16379,1,Unknown,Unknown,Unrelated Tests
HBASE,HBASE-16423,15514866,https://issues.apache.org/jira/browse/HBASE-16423,1,Unknown,Unknown,Unknown
HBASE,HBASE-16712,15578529,https://issues.apache.org/jira/browse/HBASE-16712,1,Unknown,Configuration-related Issues,Unknown
HBASE,HBASE-16781,15550644,https://issues.apache.org/jira/browse/HBASE-16781,1,Unknown,Unknown,Unknown
HBASE,HBASE-16824,15586699,https://issues.apache.org/jira/browse/HBASE-16824,1,Unknown,Unknown,Configuration-related Issues
HBASE,HBASE-17262,15769227,https://issues.apache.org/jira/browse/HBASE-17262,1,Unknown,Unknown,Configuration-related Issues
HBASE,HBASE-17712,15900771,https://issues.apache.org/jira/browse/HBASE-17712,1,Unknown,Unknown,Unknown
HBASE,HBASE-17864,15976760,https://issues.apache.org/jira/browse/HBASE-17864,1,Unknown,Unknown,Unknown
HBASE,HBASE-17928,15985795,https://issues.apache.org/jira/browse/HBASE-17928,1,Unknown,Unknown,Unknown
HBASE,HBASE-18533,16122183,https://issues.apache.org/jira/browse/HBASE-18533,1,Unknown,Unknown,Configuration-related Issues
HBASE,HBASE-19165,16245306,https://issues.apache.org/jira/browse/HBASE-19165,1,Unknown,Unknown,Unknown
HBASE,HBASE-20426,16454260,https://issues.apache.org/jira/browse/HBASE-20426,1,Unknown,Unknown,Unknown
HBASE,HBASE-6831,13465133,https://issues.apache.org/jira/browse/HBASE-6831,1,Unknown,Non-reproducible,Unknown
HBASE,HBASE-7000,13478647,https://issues.apache.org/jira/browse/HBASE-7000,1,Unknown,Unknown,Unknown
HBASE,HBASE-7156,13496623,https://issues.apache.org/jira/browse/HBASE-7156,1,Unknown,Unknown,Unknown
HDDS,HDDS-1009,16751798,https://issues.apache.org/jira/browse/HDDS-1009,1,Unknown,Unknown,Environment Impact
HDDS,HDDS-1072,16781289,https://issues.apache.org/jira/browse/HDDS-1072,1,Unknown,Unknown,Unknown
HDDS,HDDS-134,16777215,https://issues.apache.org/jira/browse/HDDS-134,1,Unknown,Unrelated Tests,Unknown
HDDS,HDDS-1352,16804565,https://issues.apache.org/jira/browse/HDDS-1352,1,Unknown,Configuration-related Issues,Unknown
HDDS,HDDS-99,16712129,https://issues.apache.org/jira/browse/HDDS-99,1,Unknown,Unknown,Unknown
HDFS,HDFS-10264,15246970,https://issues.apache.org/jira/browse/HDFS-10264,1,Unknown,Unknown,Unknown
HDFS,HDFS-10383,15285382,https://issues.apache.org/jira/browse/HDFS-10383,1,Unknown,Unknown,External Interference
HDFS,HDFS-10630,15994086,https://issues.apache.org/jira/browse/HDFS-10630,1,Unknown,Unknown,Environment Impact
HDFS,HDFS-11112,15849181,https://issues.apache.org/jira/browse/HDFS-11112,1,Unknown,Unknown,Unknown
HDFS,HDFS-11526,15923652,https://issues.apache.org/jira/browse/HDFS-11526,1,Unknown,Unknown,Unknown
HDFS,HDFS-11591,15947812,https://issues.apache.org/jira/browse/HDFS-11591,1,Unknown,Unknown,Configuration-related Issues
HDFS,HDFS-11793,16006240,https://issues.apache.org/jira/browse/HDFS-11793,1,Unknown,Unknown,Unknown
HDFS,HDFS-1212,12883374,https://issues.apache.org/jira/browse/HDFS-1212,1,Unknown,Unknown,Unknown
HDFS,HDFS-12828,16437845,https://issues.apache.org/jira/browse/HDFS-12828,1,Unknown,Unrelated Tests,Unknown
HDFS,HDFS-12935,16330080,https://issues.apache.org/jira/browse/HDFS-12935,1,Unknown,Unknown,Unknown
HDFS,HDFS-13783,16891072,https://issues.apache.org/jira/browse/HDFS-13783,1,Unknown,Unknown,Unknown
HDFS,HDFS-13926,16644312,https://issues.apache.org/jira/browse/HDFS-13926,1,Unknown,Unknown,Unknown
HDFS,HDFS-14042,16674347,https://issues.apache.org/jira/browse/HDFS-14042,1,Unknown,Unknown,Unknown
HDFS,HDFS-14070,16684680,https://issues.apache.org/jira/browse/HDFS-14070,1,Unknown,Unknown,Unknown
HDFS,HDFS-14373,16945298,https://issues.apache.org/jira/browse/HDFS-14373,1,Unknown,External Interference,Unknown
HDFS,HDFS-14661,16897202,https://issues.apache.org/jira/browse/HDFS-14661,1,Unknown,Unknown,Unknown
HDFS,HDFS-14756,16912215,https://issues.apache.org/jira/browse/HDFS-14756,1,Unknown,Unknown,Unknown
HDFS,HDFS-14838,16927343,https://issues.apache.org/jira/browse/HDFS-14838,1,Unknown,Non-reproducible,Unknown
HDFS,HDFS-14853,16933212,https://issues.apache.org/jira/browse/HDFS-14853,1,Unknown,Unknown,Unknown
HDFS,HDFS-14960,17108546,https://issues.apache.org/jira/browse/HDFS-14960,1,Unknown,External Interference,Unknown
HDFS,HDFS-15143,17023122,https://issues.apache.org/jira/browse/HDFS-15143,1,Unknown,Unknown,Unknown
HDFS,HDFS-15618,17363892,https://issues.apache.org/jira/browse/HDFS-15618,1,Unknown,Unknown,Unknown
HDFS,HDFS-3129,13236214,https://issues.apache.org/jira/browse/HDFS-3129,1,Unknown,Unknown,Unknown
HDFS,HDFS-4120,14049006,https://issues.apache.org/jira/browse/HDFS-4120,1,Unknown,Unknown,Unknown
HDFS,HDFS-4518,13588886,https://issues.apache.org/jira/browse/HDFS-4518,1,Unknown,Unknown,External Interference
HDFS,HDFS-6375,14007907,https://issues.apache.org/jira/browse/HDFS-6375,1,Unknown,Unknown,Configuration-related Issues
HDFS,HDFS-6728,14088825,https://issues.apache.org/jira/browse/HDFS-6728,1,Unknown,Unknown,Unrelated Tests
HDFS,HDFS-7201,14171757,https://issues.apache.org/jira/browse/HDFS-7201,1,Unknown,Unknown,Unknown
HDFS,HDFS-7419,14222753,https://issues.apache.org/jira/browse/HDFS-7419,1,Unknown,Environment Impact,Unknown
HDFS,HDFS-7438,14230844,https://issues.apache.org/jira/browse/HDFS-7438,1,Unknown,Configuration-related Issues,Unknown
HDFS,HDFS-7543,14251093,https://issues.apache.org/jira/browse/HDFS-7543,1,Unknown,Unknown,Configuration-related Issues
HDFS,HDFS-7776,14317616,https://issues.apache.org/jira/browse/HDFS-7776,1,Unknown,Configuration-related Issues,Unknown
HDFS,HDFS-7814,14328552,https://issues.apache.org/jira/browse/HDFS-7814,1,Unknown,Unknown,Unknown
HDFS,HDFS-7944,14366263,https://issues.apache.org/jira/browse/HDFS-7944,1,Unknown,Unknown,Unknown
HDFS,HDFS-9485,15032950,https://issues.apache.org/jira/browse/HDFS-9485,1,Unknown,Unknown,Unknown
HDFS,HDFS-9525,15003608,https://issues.apache.org/jira/browse/HDFS-9525,1,Unknown,External Interference,Unknown
HDFS,HDFS-9580,15067202,https://issues.apache.org/jira/browse/HDFS-9580,1,Unknown,Unknown,Unknown
HDFS,HDFS-9655,15103465,https://issues.apache.org/jira/browse/HDFS-9655,1,Unknown,Unknown,Unknown
HDFS,HDFS-9830,15152794,https://issues.apache.org/jira/browse/HDFS-9830,1,Unknown,Unknown,Unknown
HIVE,HIVE-10006,14368958,https://issues.apache.org/jira/browse/HIVE-10006,1,Unknown,Unknown,Unknown
HIVE,HIVE-10062,14491817,https://issues.apache.org/jira/browse/HIVE-10062,1,Unknown,Unknown,Unrelated Tests
HIVE,HIVE-10481,14511977,https://issues.apache.org/jira/browse/HIVE-10481,1,Unknown,Configuration-related Issues,Unrelated Tests
HIVE,HIVE-10495,14514202,https://issues.apache.org/jira/browse/HIVE-10495,1,Unknown,Unknown,Unknown
HIVE,HIVE-10499,14515076,https://issues.apache.org/jira/browse/HIVE-10499,1,Unknown,Unknown,Unknown
HIVE,HIVE-10563,14543085,https://issues.apache.org/jira/browse/HIVE-10563,1,Unknown,Unknown,Unknown
HIVE,HIVE-10687,14540678,https://issues.apache.org/jira/browse/HIVE-10687,1,Unknown,Unknown,Unknown
HIVE,HIVE-10853,14565906,https://issues.apache.org/jira/browse/HIVE-10853,1,Unknown,Unknown,Unknown
HIVE,HIVE-11108,14606938,https://issues.apache.org/jira/browse/HIVE-11108,1,Unknown,Unknown,Unknown
HIVE,HIVE-12045,15015267,https://issues.apache.org/jira/browse/HIVE-12045,1,Unknown,Unknown,Unknown
HIVE,HIVE-12788,15091878,https://issues.apache.org/jira/browse/HIVE-12788,1,Unknown,Unrelated Tests,Unknown
HIVE,HIVE-12987,15137420,https://issues.apache.org/jira/browse/HIVE-12987,1,Unknown,External Interference,Non-reproducible
HIVE,HIVE-13213,15184650,https://issues.apache.org/jira/browse/HIVE-13213,1,Unknown,Unknown,Unknown
HIVE,HIVE-13258,15375167,https://issues.apache.org/jira/browse/HIVE-13258,1,Unknown,Unknown,Unknown
HIVE,HIVE-14067,15381313,https://issues.apache.org/jira/browse/HIVE-14067,1,Unknown,Unknown,Unknown
HIVE,HIVE-14224,15384575,https://issues.apache.org/jira/browse/HIVE-14224,1,Unknown,Unknown,Unknown
HIVE,HIVE-14262,15383270,https://issues.apache.org/jira/browse/HIVE-14262,1,Unknown,Unknown,Unknown
HIVE,HIVE-14359,15398557,https://issues.apache.org/jira/browse/HIVE-14359,1,Unknown,Unknown,Unknown
HIVE,HIVE-14607,15454670,https://issues.apache.org/jira/browse/HIVE-14607,1,Unknown,Environment Impact,Unknown
HIVE,HIVE-14626,15470771,https://issues.apache.org/jira/browse/HIVE-14626,1,Unknown,Unknown,Unknown
HIVE,HIVE-15137,15658495,https://issues.apache.org/jira/browse/HIVE-15137,1,Unknown,Unknown,Environment Impact
HIVE,HIVE-15171,15655160,https://issues.apache.org/jira/browse/HIVE-15171,1,Unknown,Unknown,Unknown
HIVE,HIVE-15410,15735970,https://issues.apache.org/jira/browse/HIVE-15410,1,Unknown,Unknown,Unknown
HIVE,HIVE-15765,15850436,https://issues.apache.org/jira/browse/HIVE-15765,1,Unknown,Unknown,Unknown
HIVE,HIVE-15840,15857143,https://issues.apache.org/jira/browse/HIVE-15840,1,Unknown,Unknown,Unknown
HIVE,HIVE-6625,13943274,https://issues.apache.org/jira/browse/HIVE-6625,1,Unknown,Unknown,Unknown
HIVE,HIVE-8390,14168637,https://issues.apache.org/jira/browse/HIVE-8390,1,Unknown,Unknown,Non-reproducible
HIVE,HIVE-9558,14486670,https://issues.apache.org/jira/browse/HIVE-9558,1,Unknown,External Interference,Unknown
HIVE,HIVE-9609,14485034,https://issues.apache.org/jira/browse/HIVE-9609,1,Unknown,Unknown,Unknown
YARN,YARN-10043,17018630,https://issues.apache.org/jira/browse/YARN-10043,1,Unknown,Unknown,Unknown
YARN,YARN-2247,14063774,https://issues.apache.org/jira/browse/YARN-2247,1,Unknown,Unknown,Unknown
YARN,YARN-2970,14257463,https://issues.apache.org/jira/browse/YARN-2970,1,Unknown,Unknown,Unknown
YARN,YARN-3533,14508485,https://issues.apache.org/jira/browse/YARN-3533,1,Unknown,Unknown,Unknown
YARN,YARN-5213,15383336,https://issues.apache.org/jira/browse/YARN-5213,1,Unknown,Unknown,Non-reproducible
YARN,YARN-5327,15404966,https://issues.apache.org/jira/browse/YARN-5327,1,Unknown,Unknown,Unknown
YARN,YARN-5601,15457034,https://issues.apache.org/jira/browse/YARN-5601,1,Unknown,Unknown,Unknown
YARN,YARN-5932,15715117,https://issues.apache.org/jira/browse/YARN-5932,1,Unknown,Unknown,Unknown
YARN,YARN-6011,15816442,https://issues.apache.org/jira/browse/YARN-6011,1,Unknown,Unknown,Unknown
YARN,YARN-6428,16077785,https://issues.apache.org/jira/browse/YARN-6428,1,Unknown,Unknown,Unknown
YARN,YARN-7221,16433080,https://issues.apache.org/jira/browse/YARN-7221,1,Unknown,Unknown,Unknown
YARN,YARN-9923,16992497,https://issues.apache.org/jira/browse/YARN-9923,1,Unknown,Unknown,Unknown
HADOOP,HADOOP-12350,14944057,https://issues.apache.org/jira/browse/HADOOP-12350,1,External Interference,External Interference,External Interference
HADOOP,HADOOP-2420,12556274,https://issues.apache.org/jira/browse/HADOOP-2420,1,External Interference,External Interference,External Interference
HADOOP,HADOOP-3581,12626140,https://issues.apache.org/jira/browse/HADOOP-3581,1,External Interference,External Interference,External Interference
HADOOP,HADOOP-4029,12651719,https://issues.apache.org/jira/browse/HADOOP-4029,1,External Interference,External Interference,External Interference
HADOOP,HADOOP-6857,14182394,https://issues.apache.org/jira/browse/HADOOP-6857,1,External Interference,External Interference,External Interference
HADOOP,HADOOP-7824,14649761,https://issues.apache.org/jira/browse/HADOOP-7824,1,External Interference,External Interference,External Interference
HBASE,HBASE-10161,13853990,https://issues.apache.org/jira/browse/HBASE-10161,1,External Interference,External Interference,External Interference
HBASE,HBASE-11991,14137474,https://issues.apache.org/jira/browse/HBASE-11991,1,External Interference,External Interference,External Interference
HBASE,HBASE-15219,15145929,https://issues.apache.org/jira/browse/HBASE-15219,1,External Interference,External Interference,Configuration-related Issues
HBASE,HBASE-6002,13283688,https://issues.apache.org/jira/browse/HBASE-6002,1,External Interference,External Interference,External Interference
HBASE,HBASE-8355,13633286,https://issues.apache.org/jira/browse/HBASE-8355,1,External Interference,External Interference,Unrelated Tests
HBASE,HBASE-9531,14080450,https://issues.apache.org/jira/browse/HBASE-9531,1,External Interference,External Interference,External Interference
HDDS,HDDS-937,16725438,https://issues.apache.org/jira/browse/HDDS-937,1,External Interference,External Interference,External Interference
HDDS,HDDS-964,16734597,https://issues.apache.org/jira/browse/HDDS-964,1,External Interference,Concurrent Commits,External Interference
HDFS,HDFS-10756,15602521,https://issues.apache.org/jira/browse/HDFS-10756,1,External Interference,Concurrent Commits,External Interference
HDFS,HDFS-14955,16973301,https://issues.apache.org/jira/browse/HDFS-14955,1,External Interference,External Interference,External Interference
HDFS,HDFS-1596,13007230,https://issues.apache.org/jira/browse/HDFS-1596,1,External Interference,External Interference,External Interference
HDFS,HDFS-1855,13022876,https://issues.apache.org/jira/browse/HDFS-1855,1,External Interference,External Interference,External Interference
HDFS,HDFS-2018,13097117,https://issues.apache.org/jira/browse/HDFS-2018,1,External Interference,External Interference,External Interference
HDFS,HDFS-2131,13060691,https://issues.apache.org/jira/browse/HDFS-2131,1,External Interference,Environment Impact,Configuration-related Issues
HDFS,HDFS-3582,13408554,https://issues.apache.org/jira/browse/HDFS-3582,1,External Interference,External Interference,External Interference
HDFS,HDFS-3830,13439165,https://issues.apache.org/jira/browse/HDFS-3830,1,External Interference,External Interference,External Interference
HDFS,HDFS-3934,13646828,https://issues.apache.org/jira/browse/HDFS-3934,1,External Interference,Unrelated Tests,External Interference
HDFS,HDFS-46,13108771,https://issues.apache.org/jira/browse/HDFS-46,1,External Interference,Concurrent Commits,External Interference
HDFS,HDFS-5809,14014399,https://issues.apache.org/jira/browse/HDFS-5809,1,External Interference,External Interference,External Interference
HDFS,HDFS-6047,13920003,https://issues.apache.org/jira/browse/HDFS-6047,1,External Interference,Configuration-related Issues,External Interference
HDFS,HDFS-7090,14167961,https://issues.apache.org/jira/browse/HDFS-7090,1,External Interference,Unknown,External Interference
HDFS,HDFS-7404,14215565,https://issues.apache.org/jira/browse/HDFS-7404,1,External Interference,Environment Impact,External Interference
HDFS,HDFS-8220,14653356,https://issues.apache.org/jira/browse/HDFS-8220,1,External Interference,Environment Impact,External Interference
HDFS,HDFS-8399,14543659,https://issues.apache.org/jira/browse/HDFS-8399,1,External Interference,External Interference,External Interference
HDFS,HDFS-8581,14729203,https://issues.apache.org/jira/browse/HDFS-8581,1,External Interference,Configuration-related Issues,External Interference
HDFS,HDFS-8687,14605760,https://issues.apache.org/jira/browse/HDFS-8687,1,External Interference,External Interference,External Interference
HDFS,HDFS-94,12793781,https://issues.apache.org/jira/browse/HDFS-94,1,External Interference,External Interference,External Interference
HIVE,HIVE-11775,15065280,https://issues.apache.org/jira/browse/HIVE-11775,1,External Interference,Configuration-related Issues,External Interference
HIVE,HIVE-12446,15113559,https://issues.apache.org/jira/browse/HIVE-12446,1,External Interference,External Interference,External Interference
HIVE,HIVE-14721,15564485,https://issues.apache.org/jira/browse/HIVE-14721,1,External Interference,External Interference,External Interference
HIVE,HIVE-15060,15617281,https://issues.apache.org/jira/browse/HIVE-15060,1,External Interference,Concurrent Commits,External Interference
HIVE,HIVE-7682,14118790,https://issues.apache.org/jira/browse/HIVE-7682,1,External Interference,External Interference,External Interference
HIVE,HIVE-8341,14172265,https://issues.apache.org/jira/browse/HIVE-8341,1,External Interference,External Interference,External Interference
HIVE,HIVE-9249,14263836,https://issues.apache.org/jira/browse/HIVE-9249,1,External Interference,Environment Impact,External Interference
HIVE,HIVE-9255,14277559,https://issues.apache.org/jira/browse/HIVE-9255,1,External Interference,External Interference,Concurrent Commits
HIVE,HIVE-9917,14395623,https://issues.apache.org/jira/browse/HIVE-9917,1,External Interference,External Interference,External Interference
YARN,YARN-10083,17015830,https://issues.apache.org/jira/browse/YARN-10083,1,External Interference,External Interference,External Interference
YARN,YARN-1850,13940261,https://issues.apache.org/jira/browse/YARN-1850,1,External Interference,External Interference,Non-reproducible
YARN,YARN-1915,14162076,https://issues.apache.org/jira/browse/YARN-1915,1,External Interference,External Interference,External Interference
YARN,YARN-2890,14482401,https://issues.apache.org/jira/browse/YARN-2890,1,External Interference,External Interference,External Interference
YARN,YARN-3721,14560305,https://issues.apache.org/jira/browse/YARN-3721,1,External Interference,External Interference,External Interference
YARN,YARN-4384,15022840,https://issues.apache.org/jira/browse/YARN-4384,1,External Interference,External Interference,External Interference
YARN,YARN-4546,15084475,https://issues.apache.org/jira/browse/YARN-4546,1,External Interference,External Interference,External Interference
YARN,YARN-4718,15168544,https://issues.apache.org/jira/browse/YARN-4718,1,External Interference,External Interference,External Interference
YARN,YARN-7,13785988,https://issues.apache.org/jira/browse/YARN-7,1,External Interference,External Interference,External Interference
YARN,YARN-8838,16693657,https://issues.apache.org/jira/browse/YARN-8838,1,External Interference,Unrelated Tests,Configuration-related Issues
YARN,YARN-9116,16745719,https://issues.apache.org/jira/browse/YARN-9116,1,External Interference,Non-reproducible,External Interference
HIVE,HIVE-21307,16775758,https://issues.apache.org/jira/browse/HIVE-21307,1,Unknown,Unknown,Unknown
HADOOP,HADOOP-882,12471495,https://issues.apache.org/jira/browse/HADOOP-882,1,External Interference,External Interference,External Interference
HBASE,HBASE-18624,16221430,https://issues.apache.org/jira/browse/HBASE-18624,1,External Interference,Unknown,External Interference
HDFS,HDFS-14564,16933003,https://issues.apache.org/jira/browse/HDFS-14564,1,External Interference,External Interference,External Interference
HDFS,HDFS-1835,13021458,https://issues.apache.org/jira/browse/HDFS-1835,1,External Interference,External Interference,External Interference
HDFS,HDFS-9926,15188561,https://issues.apache.org/jira/browse/HDFS-9926,1,External Interference,External Interference,External Interference
HIVE,HIVE-15740,15842753,https://issues.apache.org/jira/browse/HIVE-15740,1,External Interference,External Interference,Environment Impact
HIVE,HIVE-4256,13848433,https://issues.apache.org/jira/browse/HIVE-4256,1,External Interference,External Interference,Unrelated Tests
HBASE,HBASE-14106,14630332,https://issues.apache.org/jira/browse/HBASE-14106,1,External Interference,Environment Impact,External Interference
HBASE,HBASE-18197,16045701,https://issues.apache.org/jira/browse/HBASE-18197,1,External Interference,External Interference,Unknown
HDFS,HDFS-12778,16256452,https://issues.apache.org/jira/browse/HDFS-12778,1,External Interference,External Interference,External Interference
HIVE,HIVE-16487,15989775,https://issues.apache.org/jira/browse/HIVE-16487,1,External Interference,External Interference,Unknown
HBASE,HBASE-18232,16215741,https://issues.apache.org/jira/browse/HBASE-18232,1,Unknown,External Interference,Unknown
HDDS,HDDS-1667,16863519,https://issues.apache.org/jira/browse/HDDS-1667,1,Unknown,Unknown,Non-reproducible
HADOOP,HADOOP-12709,15313202,https://issues.apache.org/jira/browse/HADOOP-12709,1,Unrelated Tests,Unrelated Tests,Unrelated Tests
HADOOP,HADOOP-13792,15634590,https://issues.apache.org/jira/browse/HADOOP-13792,1,Unrelated Tests,Unrelated Tests,Unrelated Tests
HADOOP,HADOOP-5213,12672846,https://issues.apache.org/jira/browse/HADOOP-5213,1,Unrelated Tests,Unrelated Tests,Unrelated Tests
HADOOP,HADOOP-8325,13264335,https://issues.apache.org/jira/browse/HADOOP-8325,1,Unrelated Tests,Unrelated Tests,Unrelated Tests
HADOOP,HADOOP-9649,13684610,https://issues.apache.org/jira/browse/HADOOP-9649,1,Unrelated Tests,Unrelated Tests,Non-reproducible
HBASE,HBASE-15077,15092929,https://issues.apache.org/jira/browse/HBASE-15077,1,Unrelated Tests,Unrelated Tests,Configuration-related Issues
HBASE,HBASE-15496,15212707,https://issues.apache.org/jira/browse/HBASE-15496,1,Unrelated Tests,Unrelated Tests,Unknown
HBASE,HBASE-15915,15306377,https://issues.apache.org/jira/browse/HBASE-15915,1,Unrelated Tests,Unrelated Tests,Unrelated Tests
HBASE,HBASE-21959,16786009,https://issues.apache.org/jira/browse/HBASE-21959,1,Unrelated Tests,Unrelated Tests,Unrelated Tests
HBASE,HBASE-327,12545713,https://issues.apache.org/jira/browse/HBASE-327,1,Unrelated Tests,Environment Impact,Unrelated Tests
HBASE,HBASE-3271,13440105,https://issues.apache.org/jira/browse/HBASE-3271,1,Unrelated Tests,Unrelated Tests,Unrelated Tests
HDDS,HDDS-120,16687307,https://issues.apache.org/jira/browse/HDDS-120,1,Unrelated Tests,Unrelated Tests,Unrelated Tests
HDDS,HDDS-651,16651025,https://issues.apache.org/jira/browse/HDDS-651,1,Unrelated Tests,Unrelated Tests,Unrelated Tests
HDFS,HDFS-10710,15401907,https://issues.apache.org/jira/browse/HDFS-10710,1,Unrelated Tests,Unrelated Tests,Unrelated Tests
HDFS,HDFS-1132,12864584,https://issues.apache.org/jira/browse/HDFS-1132,1,Unrelated Tests,Unrelated Tests,Unrelated Tests
HDFS,HDFS-11998,16058102,https://issues.apache.org/jira/browse/HDFS-11998,1,Unrelated Tests,Unrelated Tests,Unrelated Tests
HDFS,HDFS-12486,16174301,https://issues.apache.org/jira/browse/HDFS-12486,1,Unrelated Tests,Non-reproducible,Unrelated Tests
HDFS,HDFS-12985,16312136,https://issues.apache.org/jira/browse/HDFS-12985,1,Unrelated Tests,Unrelated Tests,Unrelated Tests
HDFS,HDFS-14144,16719169,https://issues.apache.org/jira/browse/HDFS-14144,1,Unrelated Tests,Unrelated Tests,Configuration-related Issues
HDFS,HDFS-1789,13011550,https://issues.apache.org/jira/browse/HDFS-1789,1,Unrelated Tests,Unrelated Tests,Unrelated Tests
HDFS,HDFS-2258,13092167,https://issues.apache.org/jira/browse/HDFS-2258,1,Unrelated Tests,Unrelated Tests,Unrelated Tests
HDFS,HDFS-3616,13482999,https://issues.apache.org/jira/browse/HDFS-3616,1,Unrelated Tests,Unrelated Tests,Concurrent Commits
HDFS,HDFS-4655,13619413,https://issues.apache.org/jira/browse/HDFS-4655,1,Unrelated Tests,Configuration-related Issues,Unrelated Tests
HDFS,HDFS-6879,14110073,https://issues.apache.org/jira/browse/HDFS-6879,1,Unrelated Tests,Unrelated Tests,Unrelated Tests
HDFS,HDFS-9525,14981275,https://issues.apache.org/jira/browse/HDFS-9525,1,Unrelated Tests,Unrelated Tests,Unrelated Tests
HDFS,HDFS-9780,15143870,https://issues.apache.org/jira/browse/HDFS-9780,1,Unrelated Tests,Unrelated Tests,Unrelated Tests
HIVE,HIVE-15958,15884263,https://issues.apache.org/jira/browse/HIVE-15958,1,Unrelated Tests,Unrelated Tests,Unrelated Tests
HIVE,HIVE-16146,15960878,https://issues.apache.org/jira/browse/HIVE-16146,1,Unrelated Tests,Unrelated Tests,Configuration-related Issues
HIVE,HIVE-16301,15948397,https://issues.apache.org/jira/browse/HIVE-16301,1,Unrelated Tests,Non-reproducible,Unrelated Tests
HIVE,HIVE-16591,16025972,https://issues.apache.org/jira/browse/HIVE-16591,1,Unrelated Tests,Unrelated Tests,Unrelated Tests
HIVE,HIVE-16750,16063711,https://issues.apache.org/jira/browse/HIVE-16750,1,Unrelated Tests,Unrelated Tests,Unrelated Tests
HIVE,HIVE-16805,16033638,https://issues.apache.org/jira/browse/HIVE-16805,1,Unrelated Tests,Unrelated Tests,Unrelated Tests
HIVE,HIVE-16848,16042045,https://issues.apache.org/jira/browse/HIVE-16848,1,Unrelated Tests,Unrelated Tests,Unrelated Tests
HIVE,HIVE-17114,16094640,https://issues.apache.org/jira/browse/HIVE-17114,1,Unrelated Tests,Unrelated Tests,Unrelated Tests
HIVE,HIVE-17228,16110700,https://issues.apache.org/jira/browse/HIVE-17228,1,Unrelated Tests,Unrelated Tests,Unrelated Tests
HIVE,HIVE-17433,16224133,https://issues.apache.org/jira/browse/HIVE-17433,1,Unrelated Tests,Unrelated Tests,Unrelated Tests
HIVE,HIVE-17534,16202896,https://issues.apache.org/jira/browse/HIVE-17534,1,Unrelated Tests,Unrelated Tests,Concurrent Commits
HIVE,HIVE-17640,16210665,https://issues.apache.org/jira/browse/HIVE-17640,1,Unrelated Tests,Concurrent Commits,Unrelated Tests
HIVE,HIVE-17721,16194635,https://issues.apache.org/jira/browse/HIVE-17721,1,Unrelated Tests,Unrelated Tests,Concurrent Commits
HIVE,HIVE-17749,16198223,https://issues.apache.org/jira/browse/HIVE-17749,1,Unrelated Tests,Unrelated Tests,Unrelated Tests
HIVE,HIVE-17824,16462185,https://issues.apache.org/jira/browse/HIVE-17824,1,Unrelated Tests,Unrelated Tests,Unrelated Tests
HIVE,HIVE-17829,16299983,https://issues.apache.org/jira/browse/HIVE-17829,1,Unrelated Tests,Concurrent Commits,Unrelated Tests
HIVE,HIVE-17891,16223307,https://issues.apache.org/jira/browse/HIVE-17891,1,Unrelated Tests,External Interference,Unrelated Tests
HIVE,HIVE-18005,16271322,https://issues.apache.org/jira/browse/HIVE-18005,1,Unrelated Tests,Unrelated Tests,Unrelated Tests
HIVE,HIVE-18146,16265961,https://issues.apache.org/jira/browse/HIVE-18146,1,Unrelated Tests,Unrelated Tests,Unrelated Tests
HIVE,HIVE-18147,16268052,https://issues.apache.org/jira/browse/HIVE-18147,1,Unrelated Tests,Unrelated Tests,Configuration-related Issues
HIVE,HIVE-18241,16284598,https://issues.apache.org/jira/browse/HIVE-18241,1,Unrelated Tests,Unrelated Tests,Unrelated Tests
HIVE,HIVE-18379,16321899,https://issues.apache.org/jira/browse/HIVE-18379,1,Unrelated Tests,Unrelated Tests,Unrelated Tests
HIVE,HIVE-18498,16339141,https://issues.apache.org/jira/browse/HIVE-18498,1,Unrelated Tests,Unrelated Tests,External Interference
HIVE,HIVE-18818,16382412,https://issues.apache.org/jira/browse/HIVE-18818,1,Unrelated Tests,Unrelated Tests,Non-reproducible
HIVE,HIVE-18881,16455508,https://issues.apache.org/jira/browse/HIVE-18881,1,Unrelated Tests,Non-reproducible,Unrelated Tests
HIVE,HIVE-19252,16449738,https://issues.apache.org/jira/browse/HIVE-19252,1,Unrelated Tests,Unrelated Tests,Unrelated Tests
HIVE,HIVE-19274,16448770,https://issues.apache.org/jira/browse/HIVE-19274,1,Unrelated Tests,Unrelated Tests,Unknown
HIVE,HIVE-19690,16499496,https://issues.apache.org/jira/browse/HIVE-19690,1,Unrelated Tests,Unrelated Tests,Unrelated Tests
HIVE,HIVE-20231,16554767,https://issues.apache.org/jira/browse/HIVE-20231,1,Unrelated Tests,Unrelated Tests,Unknown
HIVE,HIVE-20316,16570234,https://issues.apache.org/jira/browse/HIVE-20316,1,Unrelated Tests,Unrelated Tests,Unrelated Tests
HIVE,HIVE-20684,16638398,https://issues.apache.org/jira/browse/HIVE-20684,1,Unrelated Tests,Unrelated Tests,Environment Impact
HIVE,HIVE-20700,16642116,https://issues.apache.org/jira/browse/HIVE-20700,1,Unrelated Tests,Unrelated Tests,Unrelated Tests
HIVE,HIVE-21362,16783004,https://issues.apache.org/jira/browse/HIVE-21362,1,Unrelated Tests,Unrelated Tests,Unrelated Tests
HIVE,HIVE-22376,17039843,https://issues.apache.org/jira/browse/HIVE-22376,1,Unrelated Tests,Unrelated Tests,Unrelated Tests
HIVE,HIVE-22461,16978710,https://issues.apache.org/jira/browse/HIVE-22461,1,Unrelated Tests,Unrelated Tests,Unrelated Tests
HIVE,HIVE-4617,13761553,https://issues.apache.org/jira/browse/HIVE-4617,1,Unrelated Tests,Unrelated Tests,Unrelated Tests
HIVE,HIVE-6652,13935951,https://issues.apache.org/jira/browse/HIVE-6652,1,Unrelated Tests,Unrelated Tests,Unrelated Tests
HIVE,HIVE-6657,13937682,https://issues.apache.org/jira/browse/HIVE-6657,1,Unrelated Tests,Unrelated Tests,Unrelated Tests
HIVE,HIVE-7423,14063142,https://issues.apache.org/jira/browse/HIVE-7423,1,Unrelated Tests,Unrelated Tests,Unrelated Tests
YARN,YARN-1028,13850747,https://issues.apache.org/jira/browse/YARN-1028,1,Unrelated Tests,Unrelated Tests,Unrelated Tests
YARN,YARN-4997,15704153,https://issues.apache.org/jira/browse/YARN-4997,1,Unrelated Tests,External Interference,Unrelated Tests
YARN,YARN-5047,15593888,https://issues.apache.org/jira/browse/YARN-5047,1,Unrelated Tests,Unrelated Tests,Unrelated Tests
YARN,YARN-5575,15590413,https://issues.apache.org/jira/browse/YARN-5575,1,Unrelated Tests,Environment Impact,Unrelated Tests
YARN,YARN-7248,16183506,https://issues.apache.org/jira/browse/YARN-7248,1,Unrelated Tests,Concurrent Commits,Unrelated Tests
YARN,YARN-736,13690887,https://issues.apache.org/jira/browse/YARN-736,1,Unrelated Tests,Unrelated Tests,Unrelated Tests
YARN,YARN-895,13837201,https://issues.apache.org/jira/browse/YARN-895,1,Unrelated Tests,Unrelated Tests,Unrelated Tests
YARN,YARN-986,13909703,https://issues.apache.org/jira/browse/YARN-986,1,Unrelated Tests,Unrelated Tests,Concurrent Commits
YARN,YARN-9889,16951946,https://issues.apache.org/jira/browse/YARN-9889,1,Unrelated Tests,Unrelated Tests,Unrelated Tests
HADOOP,HADOOP-2823,12580891,https://issues.apache.org/jira/browse/HADOOP-2823,1,External Interference,External Interference,External Interference
HDDS,HDDS-495,16619648,https://issues.apache.org/jira/browse/HDDS-495,1,External Interference,Environment Impact,External Interference
HDFS,HDFS-10994,15574832,https://issues.apache.org/jira/browse/HDFS-10994,1,External Interference,Non-reproducible,External Interference
HDFS,HDFS-3601,13404005,https://issues.apache.org/jira/browse/HDFS-3601,1,External Interference,External Interference,External Interference
HDFS,HDFS-9711,15145672,https://issues.apache.org/jira/browse/HDFS-9711,1,External Interference,External Interference,External Interference
YARN,YARN-8664,16579902,https://issues.apache.org/jira/browse/YARN-8664,1,External Interference,External Interference,External Interference
HDFS,HDFS-8696,14934314,https://issues.apache.org/jira/browse/HDFS-8696,1,Non-reproducible,Non-reproducible,Non-reproducible
AMBARI,AMBARI-8244,14389212,https://issues.apache.org/jira/browse/AMBARI-8244,1,Configuration-related Issues,Configuration-related Issues,Configuration-related Issues
HADOOP,HADOOP-3479,12609985,https://issues.apache.org/jira/browse/HADOOP-3479,1,Configuration-related Issues,Configuration-related Issues,Configuration-related Issues
HBASE,HBASE-13135,14348446,https://issues.apache.org/jira/browse/HBASE-13135,1,Configuration-related Issues,Configuration-related Issues,Configuration-related Issues
HBASE,HBASE-13135,14348446,https://issues.apache.org/jira/browse/HBASE-13135,1,Configuration-related Issues,Configuration-related Issues,Configuration-related Issues
HDFS,HDFS-15041,16992466,https://issues.apache.org/jira/browse/HDFS-15041,1,Configuration-related Issues,Configuration-related Issues,Configuration-related Issues
HIVE,HIVE-10098,14383360,https://issues.apache.org/jira/browse/HIVE-10098,1,Configuration-related Issues,Configuration-related Issues,Configuration-related Issues
YARN,YARN-2807,14267329,https://issues.apache.org/jira/browse/YARN-2807,1,Configuration-related Issues,Concurrent Commits,Configuration-related Issues
YARN,YARN-3749,14568735,https://issues.apache.org/jira/browse/YARN-3749,1,Configuration-related Issues,Configuration-related Issues,Configuration-related Issues
YARN,YARN-8914,16665910,https://issues.apache.org/jira/browse/YARN-8914,1,Configuration-related Issues,Configuration-related Issues,Configuration-related Issues
HADOOP,HADOOP-11969,14544690,https://issues.apache.org/jira/browse/HADOOP-11969,1,Concurrent Commits,Concurrent Commits,Concurrent Commits
HBASE,HBASE-18747,16200650,https://issues.apache.org/jira/browse/HBASE-18747,1,Concurrent Commits,Unknown,Concurrent Commits
HDDS,HDDS-629,16649809,https://issues.apache.org/jira/browse/HDDS-629,1,Concurrent Commits,External Interference,Unrelated Tests
HDFS,HDFS-11353,15849357,https://issues.apache.org/jira/browse/HDFS-11353,1,Concurrent Commits,Concurrent Commits,Concurrent Commits
HDFS,HDFS-11984,16107370,https://issues.apache.org/jira/browse/HDFS-11984,1,Concurrent Commits,Concurrent Commits,Concurrent Commits
HDFS,HDFS-12596,16195597,https://issues.apache.org/jira/browse/HDFS-12596,1,Concurrent Commits,Concurrent Commits,Unknown
HDFS,HDFS-13609,16513314,https://issues.apache.org/jira/browse/HDFS-13609,1,Concurrent Commits,Concurrent Commits,Concurrent Commits
HIVE,HIVE-10382,14513434,https://issues.apache.org/jira/browse/HIVE-10382,1,Concurrent Commits,Concurrent Commits,Concurrent Commits
HIVE,HIVE-15525,15818105,https://issues.apache.org/jira/browse/HIVE-15525,1,Concurrent Commits,Configuration-related Issues,Concurrent Commits
YARN,YARN-2996,14265760,https://issues.apache.org/jira/browse/YARN-2996,1,Concurrent Commits,Concurrent Commits,Concurrent Commits
YARN,YARN-5713,15544997,https://issues.apache.org/jira/browse/YARN-5713,1,Concurrent Commits,External Interference,Concurrent Commits
YARN,YARN-8914,16664803,https://issues.apache.org/jira/browse/YARN-8914,1,Concurrent Commits,Concurrent Commits,Concurrent Commits
HADOOP,HADOOP-11150,14152714,https://issues.apache.org/jira/browse/HADOOP-11150,1,Unknown,Unknown,Configuration-related Issues
HDFS,HDFS-10179,15201023,https://issues.apache.org/jira/browse/HDFS-10179,1,Unknown,Unknown,Unknown
HDFS,HDFS-3733,13444356,https://issues.apache.org/jira/browse/HDFS-3733,1,Unknown,Unknown,Unknown
YARN,YARN-8155,16500523,https://issues.apache.org/jira/browse/YARN-8155,1,Unknown,Unknown,Unknown
HADOOP,HADOOP-11984,14546789,https://issues.apache.org/jira/browse/HADOOP-11984,1,Environment Impact,Environment Impact,Environment Impact
HADOOP,HADOOP-16152,16945004,https://issues.apache.org/jira/browse/HADOOP-16152,1,Environment Impact,Environment Impact,Non-reproducible
HBASE,HBASE-14644,15318141,https://issues.apache.org/jira/browse/HBASE-14644,1,Environment Impact,Environment Impact,Environment Impact
HDDS,HDDS-265,16568659,https://issues.apache.org/jira/browse/HDDS-265,1,Environment Impact,Environment Impact,Environment Impact
HDFS,HDFS-13052,16362820,https://issues.apache.org/jira/browse/HDFS-13052,1,Environment Impact,Environment Impact,Environment Impact
HDFS,HDFS-13951,16636128,https://issues.apache.org/jira/browse/HDFS-13951,1,Environment Impact,Environment Impact,Environment Impact
HDFS,HDFS-3082,13228772,https://issues.apache.org/jira/browse/HDFS-3082,1,Environment Impact,Unrelated Tests,Environment Impact
HIVE,HIVE-10658,14555578,https://issues.apache.org/jira/browse/HIVE-10658,1,Environment Impact,Unknown,Environment Impact
HDDS,HDDS-228,16537503,https://issues.apache.org/jira/browse/HDDS-228,1,Unknown,Unknown,Non-reproducible
HDDS,HDDS-550,16644931,https://issues.apache.org/jira/browse/HDDS-550,1,Environment Impact,Environment Impact,Environment Impact
HDDS,HDDS-428,16610802,https://issues.apache.org/jira/browse/HDDS-428,1,External Interference,External Interference,Configuration-related Issues
HIVE,HIVE-14346,16217488,https://issues.apache.org/jira/browse/HIVE-14346,1,Unknown,Unknown,Unknown
HADOOP,HADOOP-9439,13688421,https://issues.apache.org/jira/browse/HADOOP-9439,1,External Interference,Environment Impact,External Interference
HDFS,HDFS-13956,16638708,https://issues.apache.org/jira/browse/HDFS-13956,1,External Interference,External Interference,External Interference